<?xml version="1.0" encoding="UTF-8"?><CodeSystem xmlns="http://hl7.org/fhir"><id value="Example-sections-smpc"/><text><status value="generated"/><div xmlns="http://www.w3.org/1999/xhtml"><p>This code system http://spor.ema.europa.eu/v1/example-sections-smpc defines the following codes:</p><table class="codes"><tr><td style="white-space:nowrap"><b>Code</b></td></tr><tr><td style="white-space:nowrap">3<a name="Example-sections-smpc-3"> </a></td></tr><tr><td style="white-space:nowrap">4<a name="Example-sections-smpc-4"> </a></td></tr><tr><td style="white-space:nowrap">8<a name="Example-sections-smpc-8"> </a></td></tr><tr><td style="white-space:nowrap">9<a name="Example-sections-smpc-9"> </a></td></tr><tr><td style="white-space:nowrap">32<a name="Example-sections-smpc-32"> </a></td></tr><tr><td style="white-space:nowrap">47<a name="Example-sections-smpc-47"> </a></td></tr><tr><td style="white-space:nowrap">55<a name="Example-sections-smpc-55"> </a></td></tr><tr><td style="white-space:nowrap">56<a name="Example-sections-smpc-56"> </a></td></tr><tr><td style="white-space:nowrap">57<a name="Example-sections-smpc-57"> </a></td></tr><tr><td style="white-space:nowrap">58<a name="Example-sections-smpc-58"> </a></td></tr></table><p><b>Additional Language Displays</b></p><table class="codes"><tr><td><b>Code</b></td><td><b>Greek (el)</b></td><td><b>English (English, en)</b></td><td><b>Norwegian (no)</b></td></tr><tr><td>3</td><td>1. ΟΝΟΜΑΣΙΑ ΤΟΥ ΦΑΡΜΑΚΕΥΤΙΚΟΥ ΠΡΟΪΟΝΤΟΣ</td><td>1. NAME OF THE MEDICINAL PRODUCT</td><td>1. LEGEMIDLETS NAVN</td></tr><tr><td>4</td><td>2. ΠΟΙΟΤΙΚΗ ΚΑΙ ΠΟΣΟΤΙΚΗ ΣΥΝΘΕΣΗ</td><td>2. QUALITATIVE AND QUANTITATIVE COMPOSITION</td><td>2. KVALITATIV OG KVANTITATIV SAMMENSETNING</td></tr><tr><td>8</td><td>3. ΦΑΡΜΑΚΟΤΕΧΝΙΚΗ ΜΟΡΦΗ</td><td>3. PHARMACEUTICAL FORM</td><td>3. LEGEMIDDELFORM</td></tr><tr><td>9</td><td>4. ΚΛΙΝΙΚΕΣ ΠΛΗΡΟΦΟΡΙΕΣ</td><td>4. CLINICAL PARTICULARS</td><td>4. KLINISKE OPPLYSNINGER</td></tr><tr><td>32</td><td>5. ΦΑΡΜΑΚΟΛΟΓΙΚΕΣ ΙΔΙΟΤΗΤΕΣ</td><td>5. PHARMACOLOGICAL PROPERTIES</td><td>5. FARMAKOLOGISKE EGENSKAPER</td></tr><tr><td>47</td><td>6. ΦΑΡΜΑΚΕΥΤΙΚΕΣ ΠΛΗΡΟΦΟΡΙΕΣ</td><td>6. PHARMACEUTICAL PARTICULARS</td><td>6. FARMASØYTISKE OPPLYSNINGER</td></tr><tr><td>55</td><td>7. ΚΑΤΟΧΟΣ ΤΗΣ ΑΔΕΙΑΣ ΚΥΚΛΟΦΟΡΙΑΣ</td><td>7. MARKETING AUTHORISATION HOLDER</td><td>7. INNEHAVER AV MARKEDSFØRINGSTILLATELSEN</td></tr><tr><td>56</td><td>8. ΑΡΙΘΜΟΣ(ΟΙ) ΑΔΕΙΑΣ ΚΥΚΛΟΦΟΡΙΑΣ</td><td>8. MARKETING AUTHORISATION NUMBER(S)</td><td>8. MARKEDSFØRINGSTILLATELSESNUMMER (NUMRE)</td></tr><tr><td>57</td><td>9. ΗΜΕΡΟΜΗΝΙΑ ΠΡΩΤΗΣ ΕΓΚΡΙΣΗΣ/ΑΝΑΝΕΩΣΗΣ ΤΗΣ ΑΔΕΙΑΣ</td><td>9. DATE OF FIRST AUTHORISATION/RENEWAL OF THE AUTHORISATION</td><td>9. DATO FOR FØRSTE MARKEDSFØRINGSTILLATELSE / SISTE FORNYELSE</td></tr><tr><td>58</td><td>10. ΗΜΕΡΟΜΗΝΙΑ ΑΝΑΘΕΩΡΗΣΗΣ ΤΟΥ ΚΕΙΜΕΝΟΥ</td><td>10. DATE OF REVISION OF THE TEXT</td><td>10. OPPDATERINGSDATO</td></tr></table></div></text><url value="http://spor.ema.europa.eu/v1/example-sections-smpc"/><version value="0.1.0"/><name value="Example-sections-smpc"/><title value="EMA example-sections-smpc"/><status value="active"/><date value="2021-08-31T13:27:57+00:00"/><contact><name value="Gravitate Health Project"/><telecom><system value="url"/><value value="https://www.gravitatehealth.eu/"/></telecom></contact><description value="Placeholder for EMA example-sections smpc"/><content value="complete"/><count value="10"/><concept><code value="3"/><designation><language value="en"/><use><system value="http://snomed.info/sct"/><code value="900000000000003001"/></use><value value="1. NAME OF THE MEDICINAL PRODUCT"/></designation><designation><language value="no"/><use><system value="http://snomed.info/sct"/><code value="900000000000003001"/></use><value value="1. LEGEMIDLETS NAVN"/></designation><designation><language value="el"/><use><system value="http://snomed.info/sct"/><code value="900000000000003001"/></use><value value="1. &#x39F;&#x39D;&#x39F;&#x39C;&#x391;&#x3A3;&#x399;&#x391; &#x3A4;&#x39F;&#x3A5; &#x3A6;&#x391;&#x3A1;&#x39C;&#x391;&#x39A;&#x395;&#x3A5;&#x3A4;&#x399;&#x39A;&#x39F;&#x3A5; &#x3A0;&#x3A1;&#x39F;&#x3AA;&#x39F;&#x39D;&#x3A4;&#x39F;&#x3A3;"/></designation></concept><concept><code value="4"/><designation><language value="en"/><use><system value="http://snomed.info/sct"/><code value="900000000000003001"/></use><value value="2. QUALITATIVE AND QUANTITATIVE COMPOSITION"/></designation><designation><language value="no"/><use><system value="http://snomed.info/sct"/><code value="900000000000003001"/></use><value value="2. KVALITATIV OG KVANTITATIV SAMMENSETNING"/></designation><designation><language value="el"/><use><system value="http://snomed.info/sct"/><code value="900000000000003001"/></use><value value="2. &#x3A0;&#x39F;&#x399;&#x39F;&#x3A4;&#x399;&#x39A;&#x397; &#x39A;&#x391;&#x399; &#x3A0;&#x39F;&#x3A3;&#x39F;&#x3A4;&#x399;&#x39A;&#x397; &#x3A3;&#x3A5;&#x39D;&#x398;&#x395;&#x3A3;&#x397;"/></designation></concept><concept><code value="8"/><designation><language value="en"/><use><system value="http://snomed.info/sct"/><code value="900000000000003001"/></use><value value="3. PHARMACEUTICAL FORM"/></designation><designation><language value="no"/><use><system value="http://snomed.info/sct"/><code value="900000000000003001"/></use><value value="3. LEGEMIDDELFORM"/></designation><designation><language value="el"/><use><system value="http://snomed.info/sct"/><code value="900000000000003001"/></use><value value="3. &#x3A6;&#x391;&#x3A1;&#x39C;&#x391;&#x39A;&#x39F;&#x3A4;&#x395;&#x3A7;&#x39D;&#x399;&#x39A;&#x397; &#x39C;&#x39F;&#x3A1;&#x3A6;&#x397;"/></designation></concept><concept><code value="9"/><designation><language value="en"/><use><system value="http://snomed.info/sct"/><code value="900000000000003001"/></use><value value="4. CLINICAL PARTICULARS"/></designation><designation><language value="no"/><use><system value="http://snomed.info/sct"/><code value="900000000000003001"/></use><value value="4. KLINISKE OPPLYSNINGER"/></designation><designation><language value="el"/><use><system value="http://snomed.info/sct"/><code value="900000000000003001"/></use><value value="4. &#x39A;&#x39B;&#x399;&#x39D;&#x399;&#x39A;&#x395;&#x3A3; &#x3A0;&#x39B;&#x397;&#x3A1;&#x39F;&#x3A6;&#x39F;&#x3A1;&#x399;&#x395;&#x3A3;"/></designation></concept><concept><code value="32"/><designation><language value="en"/><use><system value="http://snomed.info/sct"/><code value="900000000000003001"/></use><value value="5. PHARMACOLOGICAL PROPERTIES"/></designation><designation><language value="no"/><use><system value="http://snomed.info/sct"/><code value="900000000000003001"/></use><value value="5. FARMAKOLOGISKE EGENSKAPER"/></designation><designation><language value="el"/><use><system value="http://snomed.info/sct"/><code value="900000000000003001"/></use><value value="5. &#x3A6;&#x391;&#x3A1;&#x39C;&#x391;&#x39A;&#x39F;&#x39B;&#x39F;&#x393;&#x399;&#x39A;&#x395;&#x3A3; &#x399;&#x394;&#x399;&#x39F;&#x3A4;&#x397;&#x3A4;&#x395;&#x3A3;"/></designation></concept><concept><code value="47"/><designation><language value="en"/><use><system value="http://snomed.info/sct"/><code value="900000000000003001"/></use><value value="6. PHARMACEUTICAL PARTICULARS"/></designation><designation><language value="no"/><use><system value="http://snomed.info/sct"/><code value="900000000000003001"/></use><value value="6. FARMAS&#xD8;YTISKE OPPLYSNINGER"/></designation><designation><language value="el"/><use><system value="http://snomed.info/sct"/><code value="900000000000003001"/></use><value value="6. &#x3A6;&#x391;&#x3A1;&#x39C;&#x391;&#x39A;&#x395;&#x3A5;&#x3A4;&#x399;&#x39A;&#x395;&#x3A3; &#x3A0;&#x39B;&#x397;&#x3A1;&#x39F;&#x3A6;&#x39F;&#x3A1;&#x399;&#x395;&#x3A3;"/></designation></concept><concept><code value="55"/><designation><language value="en"/><use><system value="http://snomed.info/sct"/><code value="900000000000003001"/></use><value value="7. MARKETING AUTHORISATION HOLDER"/></designation><designation><language value="no"/><use><system value="http://snomed.info/sct"/><code value="900000000000003001"/></use><value value="7. INNEHAVER AV MARKEDSF&#xD8;RINGSTILLATELSEN"/></designation><designation><language value="el"/><use><system value="http://snomed.info/sct"/><code value="900000000000003001"/></use><value value="7. &#x39A;&#x391;&#x3A4;&#x39F;&#x3A7;&#x39F;&#x3A3; &#x3A4;&#x397;&#x3A3; &#x391;&#x394;&#x395;&#x399;&#x391;&#x3A3; &#x39A;&#x3A5;&#x39A;&#x39B;&#x39F;&#x3A6;&#x39F;&#x3A1;&#x399;&#x391;&#x3A3;"/></designation></concept><concept><code value="56"/><designation><language value="en"/><use><system value="http://snomed.info/sct"/><code value="900000000000003001"/></use><value value="8. MARKETING AUTHORISATION NUMBER(S)"/></designation><designation><language value="no"/><use><system value="http://snomed.info/sct"/><code value="900000000000003001"/></use><value value="8. MARKEDSF&#xD8;RINGSTILLATELSESNUMMER (NUMRE)"/></designation><designation><language value="el"/><use><system value="http://snomed.info/sct"/><code value="900000000000003001"/></use><value value="8. &#x391;&#x3A1;&#x399;&#x398;&#x39C;&#x39F;&#x3A3;(&#x39F;&#x399;) &#x391;&#x394;&#x395;&#x399;&#x391;&#x3A3; &#x39A;&#x3A5;&#x39A;&#x39B;&#x39F;&#x3A6;&#x39F;&#x3A1;&#x399;&#x391;&#x3A3;"/></designation></concept><concept><code value="57"/><designation><language value="en"/><use><system value="http://snomed.info/sct"/><code value="900000000000003001"/></use><value value="9. DATE OF FIRST AUTHORISATION/RENEWAL OF THE AUTHORISATION"/></designation><designation><language value="no"/><use><system value="http://snomed.info/sct"/><code value="900000000000003001"/></use><value value="9. DATO FOR F&#xD8;RSTE MARKEDSF&#xD8;RINGSTILLATELSE / SISTE FORNYELSE"/></designation><designation><language value="el"/><use><system value="http://snomed.info/sct"/><code value="900000000000003001"/></use><value value="9. &#x397;&#x39C;&#x395;&#x3A1;&#x39F;&#x39C;&#x397;&#x39D;&#x399;&#x391; &#x3A0;&#x3A1;&#x3A9;&#x3A4;&#x397;&#x3A3; &#x395;&#x393;&#x39A;&#x3A1;&#x399;&#x3A3;&#x397;&#x3A3;/&#x391;&#x39D;&#x391;&#x39D;&#x395;&#x3A9;&#x3A3;&#x397;&#x3A3; &#x3A4;&#x397;&#x3A3; &#x391;&#x394;&#x395;&#x399;&#x391;&#x3A3;"/></designation></concept><concept><code value="58"/><designation><language value="en"/><use><system value="http://snomed.info/sct"/><code value="900000000000003001"/></use><value value="10. DATE OF REVISION OF THE TEXT"/></designation><designation><language value="no"/><use><system value="http://snomed.info/sct"/><code value="900000000000003001"/></use><value value="10. OPPDATERINGSDATO"/></designation><designation><language value="el"/><use><system value="http://snomed.info/sct"/><code value="900000000000003001"/></use><value value="10. &#x397;&#x39C;&#x395;&#x3A1;&#x39F;&#x39C;&#x397;&#x39D;&#x399;&#x391; &#x391;&#x39D;&#x391;&#x398;&#x395;&#x3A9;&#x3A1;&#x397;&#x3A3;&#x397;&#x3A3; &#x3A4;&#x39F;&#x3A5; &#x39A;&#x395;&#x399;&#x39C;&#x395;&#x39D;&#x39F;&#x3A5;"/></designation></concept></CodeSystem>