{
  "resourceType": "CodeSystem",
  "id": "Example-sections-PL",
  "text": {
    "status": "generated",
    "div": "<div xmlns=\"http://www.w3.org/1999/xhtml\"><p>This code system http://spor.ema.europa.eu/v1/example-sections defines the following codes:</p><table class=\"codes\"><tr><td style=\"white-space:nowrap\"><b>Code</b></td></tr><tr><td style=\"white-space:nowrap\">3<a name=\"Example-sections-PL-3\"> </a></td></tr><tr><td style=\"white-space:nowrap\">4<a name=\"Example-sections-PL-4\"> </a></td></tr><tr><td style=\"white-space:nowrap\">5<a name=\"Example-sections-PL-5\"> </a></td></tr><tr><td style=\"white-space:nowrap\">14<a name=\"Example-sections-PL-14\"> </a></td></tr><tr><td style=\"white-space:nowrap\">19<a name=\"Example-sections-PL-19\"> </a></td></tr><tr><td style=\"white-space:nowrap\">22<a name=\"Example-sections-PL-22\"> </a></td></tr><tr><td style=\"white-space:nowrap\">23<a name=\"Example-sections-PL-23\"> </a></td></tr></table><p><b>Additional Language Displays</b></p><table class=\"codes\"><tr><td><b>Code</b></td><td><b>Greek (el)</b></td><td><b>English (English, en)</b></td><td><b>Norwegian (no)</b></td></tr><tr><td>3</td><td>Τι περιέχει το παρόν φύλλο οδηγιών:</td><td>What is in this leaflet</td><td>I dette pakningsvedlegget finner du informasjon om:</td></tr><tr><td>4</td><td>1. Τι είναι το X και ποια είναι η χρήση του</td><td>1. What X is and what it is used for</td><td>1. Hva X er og hva det brukes mot</td></tr><tr><td>5</td><td>2. Τι πρέπει να γνωρίζετε πριν &lt;πάρετε&gt; &lt;χρησιμοποιήσετε&gt; το X</td><td>2. What you need to know before you &lt;take&gt; &lt;use&gt; X</td><td>2. Hva du må vite før du bruker X</td></tr><tr><td>14</td><td>3. Πώς να &lt;πάρετε&gt; &lt;χρησιμοποιήσετε&gt; το X</td><td>3. How to &lt;take&gt; &lt;use&gt; X</td><td>3. Hvordan du bruker X</td></tr><tr><td>19</td><td>4. Πιθανές ανεπιθύμητες ενέργειες</td><td>4. Possible side effects</td><td>4. Mulige bivirkninger</td></tr><tr><td>22</td><td>5. Πώς να φυλάσσετε το  X</td><td>5. How to store X</td><td>5. Hvordan du oppbevarer X</td></tr><tr><td>23</td><td>6. Περιεχόμενα της συσκευασίας και λοιπές πληροφορίες</td><td>6. Contents of the pack and other information</td><td>6. Innholdet i pakningen og ytterligere informasjon</td></tr></table></div>"
  },
  "url": "http://spor.ema.europa.eu/v1/example-sections",
  "version": "0.1.0",
  "name": "Example-sections-PL",
  "title": "EMA example-sections-pl",
  "status": "active",
  "date": "2021-08-31T13:27:57+00:00",
  "contact": [
    {
      "name": "Gravitate Health Project",
      "telecom": [
        {
          "system": "url",
          "value": "https://www.gravitatehealth.eu/"
        }
      ]
    }
  ],
  "description": "Placeholder for EMA example-sections PL",
  "content": "complete",
  "count": 7,
  "concept": [
    {
      "code": "3",
      "designation": [
        {
          "language": "no",
          "use": {
            "system": "http://snomed.info/sct",
            "code": "900000000000003001"
          },
          "value": "I dette pakningsvedlegget finner du informasjon om:"
        },
        {
          "language": "en",
          "use": {
            "system": "http://snomed.info/sct",
            "code": "900000000000003001"
          },
          "value": "What is in this leaflet"
        },
        {
          "language": "el",
          "use": {
            "system": "http://snomed.info/sct",
            "code": "900000000000003001"
          },
          "value": "Τι περιέχει το παρόν φύλλο οδηγιών:"
        }
      ]
    },
    {
      "code": "4",
      "designation": [
        {
          "language": "no",
          "use": {
            "system": "http://snomed.info/sct",
            "code": "900000000000003001"
          },
          "value": "1. Hva X er og hva det brukes mot"
        },
        {
          "language": "en",
          "use": {
            "system": "http://snomed.info/sct",
            "code": "900000000000003001"
          },
          "value": "1. What X is and what it is used for"
        },
        {
          "language": "el",
          "use": {
            "system": "http://snomed.info/sct",
            "code": "900000000000003001"
          },
          "value": "1. Τι είναι το X και ποια είναι η χρήση του"
        }
      ]
    },
    {
      "code": "5",
      "designation": [
        {
          "language": "no",
          "use": {
            "system": "http://snomed.info/sct",
            "code": "900000000000003001"
          },
          "value": "2. Hva du må vite før du bruker X"
        },
        {
          "language": "en",
          "use": {
            "system": "http://snomed.info/sct",
            "code": "900000000000003001"
          },
          "value": "2. What you need to know before you <take> <use> X"
        },
        {
          "language": "el",
          "use": {
            "system": "http://snomed.info/sct",
            "code": "900000000000003001"
          },
          "value": "2. Τι πρέπει να γνωρίζετε πριν <πάρετε> <χρησιμοποιήσετε> το X"
        }
      ]
    },
    {
      "code": "14",
      "designation": [
        {
          "language": "no",
          "use": {
            "system": "http://snomed.info/sct",
            "code": "900000000000003001"
          },
          "value": "3. Hvordan du bruker X"
        },
        {
          "language": "en",
          "use": {
            "system": "http://snomed.info/sct",
            "code": "900000000000003001"
          },
          "value": "3. How to <take> <use> X"
        },
        {
          "language": "el",
          "use": {
            "system": "http://snomed.info/sct",
            "code": "900000000000003001"
          },
          "value": "3. Πώς να <πάρετε> <χρησιμοποιήσετε> το X"
        }
      ]
    },
    {
      "code": "19",
      "designation": [
        {
          "language": "no",
          "use": {
            "system": "http://snomed.info/sct",
            "code": "900000000000003001"
          },
          "value": "4. Mulige bivirkninger"
        },
        {
          "language": "en",
          "use": {
            "system": "http://snomed.info/sct",
            "code": "900000000000003001"
          },
          "value": "4. Possible side effects"
        },
        {
          "language": "el",
          "use": {
            "system": "http://snomed.info/sct",
            "code": "900000000000003001"
          },
          "value": "4. Πιθανές ανεπιθύμητες ενέργειες"
        }
      ]
    },
    {
      "code": "22",
      "designation": [
        {
          "language": "no",
          "use": {
            "system": "http://snomed.info/sct",
            "code": "900000000000003001"
          },
          "value": "5. Hvordan du oppbevarer X"
        },
        {
          "language": "en",
          "use": {
            "system": "http://snomed.info/sct",
            "code": "900000000000003001"
          },
          "value": "5. How to store X"
        },
        {
          "language": "el",
          "use": {
            "system": "http://snomed.info/sct",
            "code": "900000000000003001"
          },
          "value": "5. Πώς να φυλάσσετε το  X"
        }
      ]
    },
    {
      "code": "23",
      "designation": [
        {
          "language": "no",
          "use": {
            "system": "http://snomed.info/sct",
            "code": "900000000000003001"
          },
          "value": "6. Innholdet i pakningen og ytterligere informasjon"
        },
        {
          "language": "en",
          "use": {
            "system": "http://snomed.info/sct",
            "code": "900000000000003001"
          },
          "value": "6. Contents of the pack and other information"
        },
        {
          "language": "el",
          "use": {
            "system": "http://snomed.info/sct",
            "code": "900000000000003001"
          },
          "value": "6. Περιεχόμενα της συσκευασίας και λοιπές πληροφορίες"
        }
      ]
    }
  ]
}