{
  "resourceType": "List",
  "id": "List-example",
  "meta": {
    "versionId": "106",
    "lastUpdated": "2021-06-28T10:22:41.368+00:00"
  },
  "text": {
    "status": "generated",
    "div": "<div xmlns=\"http://www.w3.org/1999/xhtml\"><table class=\"clstu\"><tr><td>Mode: workingStatus: currentCode: ePI Master List</td></tr><tr><td>Subject: ?ngen-16?</td></tr></table><table class=\"grid\"><tr style=\"backgound-color: #eeeeee\"><td><b>Items</b></td></tr><tr><td><a href=\"Bundle-79147eac-56be-4aec-9e71-bee160e588b6.html\">Generated Summary: id: 943f32dd-dc6f-4079-b364-bb522edb9cfb; type: document; timestamp: Jun 25, 2021, 8:33:58 PM</a></td></tr><tr><td><a href=\"Bundle-00b76159-1583-4374-b892-d360b49dae01.html\">Generated Summary: id: d3736342-7e14-4aca-a8a0-2425840518ce; type: document; timestamp: Jun 25, 2021, 10:44:38 PM</a></td></tr><tr><td><a href=\"Bundle-234d3626-fac0-4e69-86a6-556910eecfc9.html\">Generated Summary: id: 8c44c334-7839-48d2-b369-2235ae18ad48; type: document; timestamp: Jun 25, 2021, 8:25:07 PM</a></td></tr></table></div>"
  },
  "identifier": [
    {
      "system": "http://spor.ema.europa.eu/v2/medicine-name",
      "value": "acme-product"
    },
    {
      "system": "http://spor.ema.europa.eu/v2/marketing-authorisation-numbers",
      "value": "EU/1/17/1201/001"
    }
  ],
  "status": "current",
  "mode": "working",
  "code": {
    "coding": [
      {
        "system": "http://spor.ema.europa.eu/v1/example-pi-list-types",
        "code": "00000021213",
        "display": "ePI Master List"
      }
    ]
  },
  "subject": {
    "extension": [
      {
        "url": "http://ema.europa.eu/fhir/extension/medicine-name",
        "valueCoding": {
          "system": "http://spor.ema.europa.eu/v1/100000000005",
          "code": "Acme-product",
          "display": "Acme Product"
        }
      },
      {
        "url": "http://ema.europa.eu/fhir/extension/marketing-authorization-holder",
        "valueCoding": {
          "system": "http://spor.ema.europa.eu/v1/100000000005",
          "code": "mah-code",
          "display": "Acme Incorporated"
        }
      },
      {
        "url": "http://ema.europa.eu/fhir/extension/active-substance",
        "valueCoding": {
          "system": "http://spor.ema.europa.eu/v1/100000000005",
          "code": "FO2303MNI2",
          "display": "DIMETHYL FUMARATE"
        }
      },
      {
        "url": "http://ema.europa.eu/fhir/extension/domain",
        "valueCoding": {
          "system": "http://spor.ema.europa.eu/v1/100000000004",
          "code": "100000000012",
          "display": "H"
        }
      }
    ]
  },
  "entry": [
    {
      "item": {
        "extension": [
          {
            "url": "http://ema.europa.eu/fhir/extension/Product Information Document Type",
            "valueCoding": {
              "system": "http://spor.ema.europa.eu/v1/100000155531",
              "code": "100000155538",
              "display": "B. PACKAGE LEAFLET"
            }
          },
          {
            "url": "http://ema.europa.eu/fhir/extension/language",
            "valueCoding": {
              "system": "http://spor.ema.europa.eu/v1/100000072057",
              "code": "100000072147",
              "display": "en"
            }
          }
        ],
        "reference": "Bundle/79147eac-56be-4aec-9e71-bee160e588b6"
      }
    },
    {
      "item": {
        "extension": [
          {
            "url": "http://ema.europa.eu/fhir/extension/Product Information Document Type",
            "valueCoding": {
              "system": "http://spor.ema.europa.eu/v1/100000155531",
              "code": "100000155538",
              "display": "B. PAKNINGSVEDLEGG"
            }
          },
          {
            "url": "http://ema.europa.eu/fhir/extension/language",
            "valueCoding": {
              "system": "http://spor.ema.europa.eu/v1/100000072057",
              "code": "100000072243",
              "display": "no"
            }
          }
        ],
        "reference": "Bundle/00b76159-1583-4374-b892-d360b49dae01"
      }
    },
    {
      "item": {
        "extension": [
          {
            "url": "http://ema.europa.eu/fhir/extension/Product Information Document Type",
            "valueCoding": {
              "system": "http://spor.ema.europa.eu/v1/100000155531",
              "code": "100000155538",
              "display": "B. ΦΥΛΛΟ ΟΔΗΓΙΩΝ ΧΡΗΣΗΣ"
            }
          },
          {
            "url": "http://ema.europa.eu/fhir/extension/language",
            "valueCoding": {
              "system": "http://spor.ema.europa.eu/v1/100000072057",
              "code": "100000072181",
              "display": "el"
            }
          }
        ],
        "reference": "Bundle/234d3626-fac0-4e69-86a6-556910eecfc9"
      }
    }
  ]
}