{"resourceType":"ImplementationGuide","id":"hl7.eu.fhir.gh","text":{"status":"extensions","div":"<div xmlns=\"http://www.w3.org/1999/xhtml\"><h2>GhImplementationGuide</h2><p>The official URL for this implementation guide is: </p><pre>http://hl7.eu/fhir/ig/gravitate-health/ImplementationGuide/hl7.eu.fhir.gh</pre><div><p>Gravitate Health is an EU project aiming to empower and equip Europeans with health information for active personal health management and adherence to treatment.</p>\n</div></div>"},"url":"http://hl7.eu/fhir/ig/gravitate-health/ImplementationGuide/hl7.eu.fhir.gh","version":"0.1.0","name":"GhImplementationGuide","title":"Gravitate Health FHIR Implementation Guide","status":"active","date":"2021-08-31T13:42:01+00:00","contact":[{"name":"Gravitate Health Project","telecom":[{"system":"url","value":"https://www.gravitatehealth.eu/"}]}],"description":"Gravitate Health is an EU project aiming to empower and equip Europeans with health information for active personal health management and adherence to treatment.","packageId":"hl7.eu.fhir.gh","license":"CC0-1.0","fhirVersion":["4.1.0"],"dependsOn":[{"id":"hl7_fhir_uv_ips","uri":"http://hl7.org/fhir/uv/ips/ImplementationGuide/hl7.fhir.uv.ips","packageId":"hl7.fhir.uv.ips","version":"current"}],"definition":{"grouping":[{"id":"-dyn-capabilitystatement","name":"Behavior: Capability Statements","description":"The following artifacts define the specific capabilities that different types of systems are expected to have in order to comply with this implementation guide.  Systems conforming to this implementation guide are expected to declare conformance to one or more of the following capability statements."},{"id":"-str-profile","name":"Structures: Resource Profiles","description":"These define constraints on FHIR resources for systems conforming to this implementation guide"},{"id":"-term-codesystem","name":"Terminology: Code Systems","description":"These define new code systems used by systems conforming to this implementation guide"},{"id":"-other","name":"Other","description":"These are resources that are used within this implementation guide that do not fit into one of the other categories"}],"resource":[{"extension":[{"url":"http://hl7.org/fhir/StructureDefinition/implementationguide-page","valueUri":"StructureDefinition-medicationStatement-eu-gh.html"}],"reference":{"reference":"StructureDefinition/medicationStatement-eu-gh"},"name":"MedicationStatement (Gravitate Health)","description":"This profile defines how to represent in HL7 FHIR a MedicationStatement for the scope of the Gravitate Health project.","exampleBoolean":false,"groupingId":"-str-profile"},{"extension":[{"url":"http://hl7.org/fhir/StructureDefinition/implementationguide-page","valueUri":"CodeSystem-Example-sections-PL.html"}],"reference":{"reference":"CodeSystem/Example-sections-PL"},"name":"EMA example-sections-pl","description":"Placeholder for EMA example-sections PL","exampleBoolean":false,"groupingId":"-term-codesystem"},{"extension":[{"url":"http://hl7.org/fhir/StructureDefinition/implementationguide-page","valueUri":"CodeSystem-Example-sections-smpc.html"}],"reference":{"reference":"CodeSystem/Example-sections-smpc"},"name":"EMA example-sections-smpc","description":"Placeholder for EMA example-sections smpc","exampleBoolean":false,"groupingId":"-term-codesystem"},{"extension":[{"url":"http://hl7.org/fhir/StructureDefinition/implementationguide-page","valueUri":"Bundle-00b76159-1583-4374-b892-d360b49dae01.html"}],"reference":{"reference":"Bundle/00b76159-1583-4374-b892-d360b49dae01"},"name":"00b76159-1583-4374-b892-d360b49dae01","exampleBoolean":false,"groupingId":"-other"},{"extension":[{"url":"http://hl7.org/fhir/StructureDefinition/implementationguide-page","valueUri":"Bundle-234d3626-fac0-4e69-86a6-556910eecfc9.html"}],"reference":{"reference":"Bundle/234d3626-fac0-4e69-86a6-556910eecfc9"},"name":"234d3626-fac0-4e69-86a6-556910eecfc9","exampleBoolean":false,"groupingId":"-other"},{"extension":[{"url":"http://hl7.org/fhir/StructureDefinition/implementationguide-page","valueUri":"Bundle-36773c03-3040-45e2-82c2-bc3fc968b6a6.html"}],"reference":{"reference":"Bundle/36773c03-3040-45e2-82c2-bc3fc968b6a6"},"name":"36773c03-3040-45e2-82c2-bc3fc968b6a6","exampleBoolean":false,"groupingId":"-other"},{"extension":[{"url":"http://hl7.org/fhir/StructureDefinition/implementationguide-page","valueUri":"Bundle-79147eac-56be-4aec-9e71-bee160e588b6.html"}],"reference":{"reference":"Bundle/79147eac-56be-4aec-9e71-bee160e588b6"},"name":"79147eac-56be-4aec-9e71-bee160e588b6","exampleBoolean":false,"groupingId":"-other"},{"extension":[{"url":"http://hl7.org/fhir/StructureDefinition/implementationguide-page","valueUri":"Bundle-910d1748-674b-430c-b4ab-3665b266a31f.html"}],"reference":{"reference":"Bundle/910d1748-674b-430c-b4ab-3665b266a31f"},"name":"910d1748-674b-430c-b4ab-3665b266a31f","exampleBoolean":false,"groupingId":"-other"},{"extension":[{"url":"http://hl7.org/fhir/StructureDefinition/implementationguide-page","valueUri":"Bundle-995d3971-b899-43bf-857d-98c26634796d.html"}],"reference":{"reference":"Bundle/995d3971-b899-43bf-857d-98c26634796d"},"name":"995d3971-b899-43bf-857d-98c26634796d","exampleBoolean":false,"groupingId":"-other"},{"extension":[{"url":"http://hl7.org/fhir/StructureDefinition/implementationguide-page","valueUri":"Bundle-IPS-examples-Bundle-01.html"}],"reference":{"reference":"Bundle/IPS-examples-Bundle-01"},"name":"IPS-examples-Bundle-01","exampleBoolean":false,"groupingId":"-other"},{"extension":[{"url":"http://hl7.org/fhir/StructureDefinition/implementationguide-page","valueUri":"List-List-example.html"}],"reference":{"reference":"List/List-example"},"name":"List-example","exampleBoolean":false,"groupingId":"-other"},{"extension":[{"url":"http://hl7.org/fhir/StructureDefinition/implementationguide-page","valueUri":"CapabilityStatement-capability-statement-ema.html"}],"reference":{"reference":"CapabilityStatement/capability-statement-ema"},"name":"Summary of Product Characteristics (SmPC) / Package Leaflet (PL) server","exampleBoolean":false,"groupingId":"-dyn-capabilitystatement"},{"extension":[{"url":"http://hl7.org/fhir/StructureDefinition/implementationguide-page","valueUri":"Bundle-fmk-ips-skilarence.html"}],"reference":{"reference":"Bundle/fmk-ips-skilarence"},"name":"fmk-ips-skilarence","exampleBoolean":false,"groupingId":"-other"},{"extension":[{"url":"http://hl7.org/fhir/StructureDefinition/implementationguide-page","valueUri":"MedicinalProductDefinition-example.html"}],"reference":{"reference":"MedicinalProductDefinition/example"},"name":"example","exampleBoolean":false,"groupingId":"-other"}],"page":{"nameUrl":"toc.html","title":"Table of Contents","generation":"html","page":[{"nameUrl":"index.html","title":"Home","generation":"markdown"},{"nameUrl":"changes.html","title":"Changes","generation":"html"},{"nameUrl":"connections.html","title":"Connections","generation":"markdown"},{"nameUrl":"copyright.html","title":"Copyright","generation":"markdown"},{"nameUrl":"downloads.html","title":"Downloads","generation":"html"},{"nameUrl":"ePI-structure.html","title":"E PI Structure","generation":"markdown"},{"nameUrl":"terminology.html","title":"Terminology","generation":"markdown"},{"nameUrl":"use-case-example.html","title":"Use Case Example","generation":"markdown"},{"nameUrl":"artifacts.html","title":"Artifacts Summary","generation":"html","page":[{"nameUrl":"CapabilityStatement-capability-statement-ema.html","title":"Summary of Product Characteristics (SmPC) / Package Leaflet (PL) server","generation":"generated"},{"nameUrl":"StructureDefinition-medicationStatement-eu-gh.html","title":"MedicationStatement (Gravitate Health)","generation":"generated"},{"nameUrl":"CodeSystem-Example-sections-PL.html","title":"EMA example-sections-pl","generation":"generated"},{"nameUrl":"CodeSystem-Example-sections-smpc.html","title":"EMA example-sections-smpc","generation":"generated"},{"nameUrl":"Bundle-00b76159-1583-4374-b892-d360b49dae01.html","title":"00b76159-1583-4374-b892-d360b49dae01","generation":"generated"},{"nameUrl":"Bundle-234d3626-fac0-4e69-86a6-556910eecfc9.html","title":"234d3626-fac0-4e69-86a6-556910eecfc9","generation":"generated"},{"nameUrl":"Bundle-36773c03-3040-45e2-82c2-bc3fc968b6a6.html","title":"36773c03-3040-45e2-82c2-bc3fc968b6a6","generation":"generated"},{"nameUrl":"Bundle-79147eac-56be-4aec-9e71-bee160e588b6.html","title":"79147eac-56be-4aec-9e71-bee160e588b6","generation":"generated"},{"nameUrl":"Bundle-910d1748-674b-430c-b4ab-3665b266a31f.html","title":"910d1748-674b-430c-b4ab-3665b266a31f","generation":"generated"},{"nameUrl":"Bundle-995d3971-b899-43bf-857d-98c26634796d.html","title":"995d3971-b899-43bf-857d-98c26634796d","generation":"generated"},{"nameUrl":"Bundle-IPS-examples-Bundle-01.html","title":"IPS-examples-Bundle-01","generation":"generated"},{"nameUrl":"List-List-example.html","title":"List-example","generation":"generated"},{"nameUrl":"Bundle-fmk-ips-skilarence.html","title":"fmk-ips-skilarence","generation":"generated"},{"nameUrl":"MedicinalProductDefinition-example.html","title":"example","generation":"generated"}]}]},"parameter":[{"code":"copyrightyear","value":"2021+"},{"code":"releaselabel","value":"CI Build"},{"code":"show-inherited-invariants","value":"false"},{"code":"path-resource","value":"input/capabilities"},{"code":"path-resource","value":"input/examples"},{"code":"path-resource","value":"input/extensions"},{"code":"path-resource","value":"input/models"},{"code":"path-resource","value":"input/operations"},{"code":"path-resource","value":"input/profiles"},{"code":"path-resource","value":"input/resources"},{"code":"path-resource","value":"input/vocabulary"},{"code":"path-resource","value":"input/maps"},{"code":"path-resource","value":"input/testing"},{"code":"path-resource","value":"input/history"},{"code":"path-resource","value":"fsh-generated/resources"},{"code":"path-pages","value":"template/config"},{"code":"path-pages","value":"input/images"},{"code":"path-liquid","value":"template/liquid"},{"code":"path-liquid","value":"input/liquid"},{"code":"path-qa","value":"temp/qa"},{"code":"path-temp","value":"temp/pages"},{"code":"path-output","value":"output"},{"code":"path-tx-cache","value":"input-cache/txcache"},{"code":"path-suppressed-warnings","value":"input/ignoreWarnings.txt"},{"code":"path-history","value":"http://hl7.eu/fhir/ig/gravitate-health/history.html"},{"code":"template-html","value":"template-page.html"},{"code":"template-md","value":"template-page-md.html"},{"code":"apply-contact","value":"true"},{"code":"apply-context","value":"true"},{"code":"apply-copyright","value":"true"},{"code":"apply-jurisdiction","value":"true"},{"code":"apply-license","value":"true"},{"code":"apply-publisher","value":"true"},{"code":"apply-version","value":"true"},{"code":"active-tables","value":"true"}]}}